Student Last Name,Student First Name,Gr,Advisor,Advisor Last Name,Advisor First Name,F1/G1 Last,F1/G1 First,F1/G1 Phone
Johnson,Dalton,01,"Bryant, Laura Lea",Bryant,Laura Lea,Johnson,Jennifer,(967) 442-3497
Johnson,Daylie,04,"Smith, Michelle A",Smith,Michelle A,Johnson,Jennifer,(967) 442-3497
Peterson,Samuel,03,"Collins, Kristin E",Collins,Kristin E,Peterson,Deborah,(812) 412-4869
Foster,Mia,01,"Bryant, Laura Lea",Bryant,Laura Lea,Foster,Raquel,(713) 695-4296
Moore,Oscar,04,"Smith, Michelle A",Smith,Michelle A,Moore,Jennifer,(806) 301-9556
Richardson,Evelyn,02,"Crawford-Mass, Beth Anne",Crawford-Mass,Beth Anne,Richardson,Nelba,(110) 648-8774
Stewart,Silas,01,"Darling, Suzanne G",Darling,Suzanne G,Stewart,Claire,(885) 217-5222
Lopez,James,K2,"Dreiling, Sandra L",Dreiling,Sandra L,Lopez,Danielle,(982) 716-6569
Turner,Benjamin,K2,"Cottle, Carole D",Cottle,Carole D,Turner,Melike,(354) 161-0647
Perry,Michael,K2,"Weinbach, Elaina D",Weinbach,Elaina D,Perry,Rebecca,(133) 969-1017
Thompson,Matias,K2,"Bendezu, Zoe Margaret",Bendezu,Zoe Margaret,Thompson,Amee,(488) 632-1645
Miller,Sasha,03,"Wood, Lisa Victoria Cole",Wood,Lisa Victoria Cole,Miller,Susan,(691) 123-9725
Martin,Neve,04,"Covert, William W",Covert,William W,Martin,Tara,(501) 569-9652
Harris,Amy,K2,"Weinbach, Elaina D",Weinbach,Elaina D,Harris,Carlene,(183) 227-9731
Harris,Tia,P3,"Hines, Kathryn Michele",Hines,Kathryn Michele,Harris,Carlene,(183) 227-9731
Torres,Aeden,02,"Nordstrom, Amy West",Nordstrom,Amy West,Torres,Michelle,(164) 342-8529
Torres,Rory,04,"Ryan, Ingrid Anna",Ryan,Ingrid Anna,Torres,Michelle,(164) 342-8529
Morris,Livia,04,"Ryan, Ingrid Anna",Ryan,Ingrid Anna,Morris,Andrea,(379) 439-7671
Fisher,Lia,03,"Eisenhood, Ian P",Eisenhood,Ian P,Fisher,Allison,(169) 861-8944
Murphy,Beck,K2,"Cottle, Carole D",Cottle,Carole D,Murphy,Richard,(679) 394-9142
Parker,Christopher,03,"Collins, Kristin E",Collins,Kristin E,Parker,Colleen,(616) 770-0823
Scott,Walker,K2,"Dreiling, Sandra L",Dreiling,Sandra L,Scott,Jessica,(787) 072-2822
Bell,Samuel,02,"Nordstrom, Amy West",Nordstrom,Amy West,Bell,Breanna,(113) 291-1108
Wood,Alexander,K2,"Weinbach, Elaina D",Weinbach,Elaina D,Wood,Amy,(126) 271-2511
Anderson,Fiona,01,"Bryant, Laura Lea",Bryant,Laura Lea,Anderson,Amanda,(243) 158-8791
Young,Calder,01,"Pellegrino, Kelleen Elizabeth",Pellegrino,Kelleen Elizabeth,Young,Elissa,(652) 099-6831
Wilson,Gavin,04,"Smith, Michelle A",Smith,Michelle A,Wilson,Lindsay,(107) 085-5525
Price,Owen,03,"Wood, Lisa Victoria Cole",Wood,Lisa Victoria Cole,Price,Susan,(426) 265-6024
Walker,Sean,K2,"Bendezu, Zoe Margaret",Bendezu,Zoe Margaret,Walker,Emma,(614) 375-9142
Green,Kyla,02,"Crawford-Mass, Beth Anne",Crawford-Mass,Beth Anne,Green,Stacey,(822) 185-9809
Green,Quincy,03,"Collins, Kristin E",Collins,Kristin E,Green,Stacey,(822) 185-9809
Davis,Gabriel,04,"Smith, Michelle A",Smith,Michelle A,Davis,Kelly,(311) 861-7196
Nelson,Lyla,01,"Bryant, Laura Lea",Bryant,Laura Lea,Nelson,Bianca,(910) 801-6274
Garcia,Cruise,K2,"Dreiling, Sandra L",Dreiling,Sandra L,Garcia,Noal,(214) 193-4963
Campbell,Kaden,01,"Pellegrino, Kelleen Elizabeth",Pellegrino,Kelleen Elizabeth,Campbell,Kelly,(546) 384-8031
Jackson,Mia,04,"Ryan, Ingrid Anna",Ryan,Ingrid Anna,Jackson,Laura,(554) 401-8748
Williams,Aria,02,"Crawford-Mass, Beth Anne",Crawford-Mass,Beth Anne,Williams,Celine,(830) 038-2667
Williams,Rowen,03,"Wood, Lisa Victoria Cole",Wood,Lisa Victoria Cole,Williams,Celine,(830) 038-2667
Taylor,Connor,01,"Bryant, Laura Lea",Bryant,Laura Lea,Taylor,Heather,(615) 418-1589
Carter,Dylan,03,"Eisenhood, Ian P",Eisenhood,Ian P,Carter,Kirrin,(499) 992-0769
Evans,Jayden,04,"Ryan, Ingrid Anna",Ryan,Ingrid Anna,Evans,Melissa,(618) 566-3655
Rogers,Brougham,03,"Collins, Kristin E",Collins,Kristin E,Rogers,Kelli,(633) 909-6337
Collins,Ignacio,02,"Nordstrom, Amy West",Nordstrom,Amy West,Collins,Milena,(115) 324-0453
Collins,Natalia,04,"Ryan, Ingrid Anna",Ryan,Ingrid Anna,Collins,Milena,(115) 324-0453
Kelly,Aidan,K2,"Bendezu, Zoe Margaret",Bendezu,Zoe Margaret,Kelly,Elizabeth,(165) 185-3501
Lewis,Arwyn,04,"Smith, Michelle A",Smith,Michelle A,Lewis,Laura,(797) 308-0737
Smith,Audrey,03,"Collins, Kristin E",Collins,Kristin E,Smith,Andrya,(326) 442-2467
Johnson,Esther,03,"Wood, Lisa Victoria Cole",Wood,Lisa Victoria Cole,Johnson,Valerie,(108) 808-1980
Williams,Finnigan,02,"Nordstrom, Amy West",Nordstrom,Amy West,Williams,Wendy,(191) 615-0069
Williams,Nora,02,"Nordstrom, Amy West",Nordstrom,Amy West,Williams,Wendy,(191) 615-0069
Brown,Charlotte,04,"Ryan, Ingrid Anna",Ryan,Ingrid Anna,Brown,Caroline,(324) 249-6835
Brown,Winston,01,"Bryant, Laura Lea",Bryant,Laura Lea,Brown,Caroline,(155) 052-7607
Miller,Andrew,02,"Keach, Rebecca Jeanne Grue",Keach,Rebecca Jeanne Grue,Miller,Kimberly,(324) 249-6835
Wilson,Penelope,K2,"Cottle, Carole D",Cottle,Carole D,Wilson,Stephanie,(120) 594-4322
Moore,Lake,01,"Bryant, Laura Lea",Bryant,Laura Lea,Moore,Nina,(240) 294-1121
Moore,Willa,03,"Eisenhood, Ian P",Eisenhood,Ian P,Moore,Nina,(240) 294-1121
Anderson,Miles,P4,"Hines, Kathryn Michele",Hines,Kathryn Michele,Anderson,Jennifer,(526) 933-7084
Thomas,Brennan,K2,"Cottle, Carole D",Cottle,Carole D,Thomas,Lauriene,(308) 319-9242
Thomas,Caitlin,01,"Pellegrino, Kelleen Elizabeth",Pellegrino,Kelleen Elizabeth,Thomas,Lauriene,(308) 319-9242
Thomas,Finn,K2,"Cottle, Carole D",Cottle,Carole D,Thomas,Lauriene,(308) 319-9242
Harris,Nora,04,"Covert, William W",Covert,William W,Harris,Janel,(800) 345-3998
Martin,John,03,"Collins, Kristin E",Collins,Kristin E,Martin,Amber,(155) 247-4337
Martin,Juliette,K2,"Cottle, Carole D",Cottle,Carole D,Martin,Amber,(155) 247-4337
Martin,Mirabelle,K2,"Cottle, Carole D",Cottle,Carole D,Martin,Amber,(155) 247-4337
Martinez,Dominic,K2,"Dreiling, Sandra L",Dreiling,Sandra L,Martinez,Anna,(943) 692-5073
Martinez,Hunter,04,"Smith, Michelle A",Smith,Michelle A,Martinez,Anna,(943) 692-5073
Clark,Owen,02,"Crawford-Mass, Beth Anne",Crawford-Mass,Beth Anne,Clark,Helen,(762) 958-6549
Rodriguez,Addison,03,"Eisenhood, Ian P",Eisenhood,Ian P,Rodriguez,Gabrielle,(683) 950-4874
Lewis,Harrison,01,"Pellegrino, Kelleen Elizabeth",Pellegrino,Kelleen Elizabeth,Lewis,Bianca,(924) 060-5914
Lee,Grace,K2,"Weinbach, Elaina D",Weinbach,Elaina D,Lee,Erin,(243) 070-9547
Walker,Jasper,K2,"Dreiling, Sandra L",Dreiling,Sandra L,Walker,Megan,(361) 080-0743
Hall,Lyle,03,"Eisenhood, Ian P",Eisenhood,Ian P,Hall,Robin,(138) 807-5575
Allen,Callum,04,"Ryan, Ingrid Anna",Ryan,Ingrid Anna,Allen,Courtney,(424) 385-5240
Allen,Leo,02,"Keach, Rebecca Jeanne Grue",Keach,Rebecca Jeanne Grue,Allen,Courtney,(424) 385-5240
Hernandez,Deirdre,03,"Collins, Kristin E",Collins,Kristin E,Hernandez,Dana,(451) 010-7067
Hernandez,Doriane,P4,"Hines, Kathryn Michele",Hines,Kathryn Michele,Hernandez,Dana,(451) 010-7067
Hernandez,Moira,01,"Pellegrino, Kelleen Elizabeth",Pellegrino,Kelleen Elizabeth,Hernandez,Dana,(451) 010-7067
Hernandez,Simon,02,"Crawford-Mass, Beth Anne",Crawford-Mass,Beth Anne,Hernandez,Dana,(451) 010-7067
Hill,Eleanor,01,"Darling, Suzanne G",Darling,Suzanne G,Hill,Shelby,(275) 519-4423
Scott,Rylie,04,"Covert, William W",Covert,William W,Scott,Amanda,(984) 589-2181
Green,Edris,K2,"Dreiling, Sandra L",Dreiling,Sandra L,Green,Heba,(203) 174-7526
Adams,Beckett,K2,"Dreiling, Sandra L",Dreiling,Sandra L,Adams,Ryan,(262) 576-0906
Adams,Jack,K2,"Dreiling, Sandra L",Dreiling,Sandra L,Adams,Ryan,(262) 576-0906
Gonzalez,Charles,02,"Nordstrom, Amy West",Nordstrom,Amy West,Gonzalez,Charles,(271) 141-7846
Nelson,Jette,K2,"Weinbach, Elaina D",Weinbach,Elaina D,Nelson,Laura,(780) 739-9494
Carter,James,P2,"Hines, Kathryn Michele",Hines,Kathryn Michele,Carter,Ashley,(560) 167-6590
Mitchell,Darryl,K2,"Bendezu, Zoe Margaret",Bendezu,Zoe Margaret,Mitchell,Kristin,(850) 169-3017
Perez,Greta,01,"Pellegrino, Kelleen Elizabeth",Pellegrino,Kelleen Elizabeth,Perez,Honora,(459) 547-2170
Perez,Inez,04,"Smith, Michelle A",Smith,Michelle A,Perez,Honora,(459) 547-2170
Turner,Hannah,04,"Ryan, Ingrid Anna",Ryan,Ingrid Anna,Turner,Alison,(334) 235-6450
Phillips,Olive,04,"Smith, Michelle A",Smith,Michelle A,Phillips,Sara,(228) 013-0035
Campbell,Abigail,02,"Nordstrom, Amy West",Nordstrom,Amy West,Campbell,Anne,(116) 434-4940
Campbell,Katherine,04,"Smith, Michelle A",Smith,Michelle A,Campbell,Anne,(116) 434-4940
Evans,Greyson,K2,"Dreiling, Sandra L",Dreiling,Sandra L,Evans,Katrina,(547) 661-1259
Edwards,Hudson,04,"Ryan, Ingrid Anna",Ryan,Ingrid Anna,Edwards,Courtney,(283) 477-1300
Collins,Madeline,04,"Covert, William W",Covert,William W,Collins,Amanda,(480) 485-6247
Stewart,Owen,03,"Eisenhood, Ian P",Eisenhood,Ian P,Stewart,Kristen,(355) 088-7110
Sanchez,Zoe,K2,"Dreiling, Sandra L",Dreiling,Sandra L,Sanchez,Christina,(385) 811-1177
Moris,Payton,02,"Keach, Rebecca Jeanne Grue",Keach,Rebecca Jeanne Grue,Moris,Allison,(822) 941-5233
Rodgers,Juliet,02,"Nordstrom, Amy West",Nordstrom,Amy West,Rodgers,Tracey,(811) 071-7879
Reed,Jordan,04,"Smith, Michelle A",Smith,Michelle A,Reed,Cynthia,(847) 195-6759
Cook,Ava,03,"Wood, Lisa Victoria Cole",Wood,Lisa Victoria Cole,Cook,Terra,(882) 895-7622
Morgan,Edward,04,"Smith, Michelle A",Smith,Michelle A,Morgan,Matthew,(654) 810-0589
Bell,Caitlyn,01,"Pellegrino, Kelleen Elizabeth",Pellegrino,Kelleen Elizabeth,Bell,Cortney,(857) 207-2777
Murphy,Caiden,02,"Nordstrom, Amy West",Nordstrom,Amy West,Murphy,Rachelle,(437) 502-0211
Bailey,Claire,04,"Covert, William W",Covert,William W,Bailey,Ji,(981) 598-8049
Rivera,Garrett,K2,"Weinbach, Elaina D",Weinbach,Elaina D,Rivera,Christina,(322) 536-5280
Cooper,Chase,02,"Keach, Rebecca Jeanne Grue",Keach,Rebecca Jeanne Grue,Cooper,Megan,(245) 308-2038
Cooper,Zoe,03,"Collins, Kristin E",Collins,Kristin E,Cooper,Megan,(245) 308-2038
Cox,August,01,"Pellegrino, Kelleen Elizabeth",Pellegrino,Kelleen Elizabeth,Cox,Erin,(590) 365-9184
Cox,River,03,"Eisenhood, Ian P",Eisenhood,Ian P,Cox,Erin,(590) 365-9184
Ward,Delilah,03,"Collins, Kristin E",Collins,Kristin E,Ward,Kristin,(924) 519-3303
Torres,Mason,01,"Bryant, Laura Lea",Bryant,Laura Lea,Torres,Erin,(860) 345-7124
Peterson,Mahan,02,"Crawford-Mass, Beth Anne",Crawford-Mass,Beth Anne,Peterson,Sirisha,(455) 759-6623
Gray,Griffin,04,"Covert, William W",Covert,William W,Gray,Sandi,(701) 404-8480
Ramirez,Jack,01,"Pellegrino, Kelleen Elizabeth",Pellegrino,Kelleen Elizabeth,Ramirez,Melissa,(377) 028-9961
Ramirez,Lola,04,"Smith, Michelle A",Smith,Michelle A,Ramirez,Melissa,(377) 028-9961
Watson,Ella,K2,"Bendezu, Zoe Margaret",Bendezu,Zoe Margaret,Watson,Lauren,(314) 042-4655
Brooks,Hazel,K2,"Dreiling, Sandra L",Dreiling,Sandra L,Brooks,Kyung,(952) 466-4715
Kelly,Bailey,01,"Pellegrino, Kelleen Elizabeth",Pellegrino,Kelleen Elizabeth,Kelly,Jacqueline,(122) 498-3682
Sanders,Alexander,P4,"Hines, Kathryn Michele",Hines,Kathryn Michele,Sanders,Rebecca,(712) 138-1680
Price,Parker,01,"Darling, Suzanne G",Darling,Suzanne G,Price,Jennifer,(899) 964-6580
Price,Taylor,01,"Darling, Suzanne G",Darling,Suzanne G,Price,Jennifer,(899) 964-6580
Wood,Maccoy,04,"Smith, Michelle A",Smith,Michelle A,Wood,Katherine,(824) 421-3932
Barnes,Penelope,P4,"Hines, Kathryn Michele",Hines,Kathryn Michele,Barnes,Daniel,(255) 986-1776
Ross,Charles,04,"Ryan, Ingrid Anna",Ryan,Ingrid Anna,Ross,Lauren,(903) 805-7788
Ross,Nash,01,"Pellegrino, Kelleen Elizabeth",Pellegrino,Kelleen Elizabeth,Ross,Lauren,(903) 805-7788
Coleman,Evren,K2,"Dreiling, Sandra L",Dreiling,Sandra L,Coleman,Leila,(110) 184-2332
Jenkins,Jackson,K2,"Bendezu, Zoe Margaret",Bendezu,Zoe Margaret,Jenkins,Caitlin,(403) 036-2792
Jenkins,Samuel,02,"Keach, Rebecca Jeanne Grue",Keach,Rebecca Jeanne Grue,Jenkins,Caitlin,(403) 036-2792
Powell,Benton,04,"Smith, Michelle A",Smith,Michelle A,Powell,Maria,(767) 167-4231
Powell,Everly,01,"Darling, Suzanne G",Darling,Suzanne G,Powell,Maria,(767) 167-4231
Patterson,Claire,02,"Keach, Rebecca Jeanne Grue",Keach,Rebecca Jeanne Grue,Patterson,Deborah,(843) 466-5965
Hughes,Chandler,04,"Covert, William W",Covert,William W,Hughes,Melissa,(346) 009-4824
Flores,Aiden,04,"Smith, Michelle A",Smith,Michelle A,Flores,Patricia,(446) 429-2008
Flores,Evelyn,02,"Keach, Rebecca Jeanne Grue",Keach,Rebecca Jeanne Grue,Flores,Patricia,(446) 429-2008
Butler,Lucas,04,"Covert, William W",Covert,William W,Butler,Heather,(658) 223-1024
Butler,Theodore,01,"Bryant, Laura Lea",Bryant,Laura Lea,Butler,Heather,(658) 223-1024
Foster,Alex,01,"Bryant, Laura Lea",Bryant,Laura Lea,Foster,Jennifer,(270) 013-4703
Gonzales,Erik,01,"Pellegrino, Kelleen Elizabeth",Pellegrino,Kelleen Elizabeth,Gonzales,Christina,(134) 632-3958
Gonzales,Jackson,03,"Wood, Lisa Victoria Cole",Wood,Lisa Victoria Cole,Gonzales,Christina,(134) 632-3958
Alexander,Hudson,02,"Crawford-Mass, Beth Anne",Crawford-Mass,Beth Anne,Alexander,Susanna,(339) 974-3640
Alexander,Marlowe,K2,"Weinbach, Elaina D",Weinbach,Elaina D,Alexander,Susanna,(339) 974-3640
Griffin,Josie,03,"Collins, Kristin E",Collins,Kristin E,Griffin,Shannon,(115) 607-7680
Diaz,Lilian,K2,"Weinbach, Elaina D",Weinbach,Elaina D,Diaz,Nicole,(468) 990-1230
Hayes,Tiange,04,"Covert, William W",Covert,William W,Hayes,Yan,(863) 381-5973
Myers,Fiona,03,"Eisenhood, Ian P",Eisenhood,Ian P,Myers,Megan,(462) 014-0929
Myers,Adeline,K2,"Cottle, Carole D",Cottle,Carole D,Myers,Megan,(462) 014-0929
Myers,Lydia,03,"Wood, Lisa Victoria Cole",Wood,Lisa Victoria Cole,Myers,Megan,(462) 014-0929
Graham,Beckett,01,"Darling, Suzanne G",Darling,Suzanne G,Graham,Lindsay,(277) 968-6940
Sullivan,Henry,K2,"Weinbach, Elaina D",Weinbach,Elaina D,Sullivan,Melinda,(617) 342-0024
Wallace,Cooper,02,"Keach, Rebecca Jeanne Grue",Keach,Rebecca Jeanne Grue,Wallace,Devon,(361) 033-6458
Woods,Wyatt,04,"Covert, William W",Covert,William W,Woods,Shanna,(398) 612-9772
Cole,Enzo,03,"Wood, Lisa Victoria Cole",Wood,Lisa Victoria Cole,Cole,Chasity,(395) 772-8877
Cole,Marco,01,"Darling, Suzanne G",Darling,Suzanne G,Cole,Chasity,(395) 772-8877
Cole,Teo,01,"Darling, Suzanne G",Darling,Suzanne G,Cole,Chasity,(395) 772-8877
Owens,Augustus,01,"Pellegrino, Kelleen Elizabeth",Pellegrino,Kelleen Elizabeth,Owens,Sarah,(676) 036-4526
Owens,Broderick,03,"Eisenhood, Ian P",Eisenhood,Ian P,Owens,Sarah,(676) 036-4526
Fisher,Levi,03,"Eisenhood, Ian P",Eisenhood,Ian P,Fisher,Elizabeth,(769) 635-2892
Ellis,Phoenix,02,"Keach, Rebecca Jeanne Grue",Keach,Rebecca Jeanne Grue,Ellis,Shannon,(526) 964-6854
Harrison,Sienna,03,"Wood, Lisa Victoria Cole",Wood,Lisa Victoria Cole,Harrison,Julie,(903) 459-8229
Gibson,Mason,03,"Collins, Kristin E",Collins,Kristin E,Gibson,Alison,(174) 804-8131
Gibson,Oliver,01,"Pellegrino, Kelleen Elizabeth",Pellegrino,Kelleen Elizabeth,Gibson,Alison,(174) 804-8131
Cruz,Garrison,P4,"Hines, Kathryn Michele",Hines,Kathryn Michele,Cruz,Angeleena,(519) 745-6204
Marshall,Shay,04,"Covert, William W",Covert,William W,Marshall,Erin,(852) 143-4949
Ortiz,Neiani,K2,"Bendezu, Zoe Margaret",Bendezu,Zoe Margaret,Ortiz,Keli,(424) 103-9421
Gomez,Finn,03,"Collins, Kristin E",Collins,Kristin E,Gomez,Jennifer,(428) 746-7738
Gomez,Rhett,K2,"Weinbach, Elaina D",Weinbach,Elaina D,Gomez,Jennifer,(428) 746-7738
Freeman,Stella,03,"Wood, Lisa Victoria Cole",Wood,Lisa Victoria Cole,Freeman,Amy,(144) 397-0978
Freeman,Zoe,K2,"Cottle, Carole D",Cottle,Carole D,Freeman,Amy,(144) 397-0978
Webb,Teagan,01,"Bryant, Laura Lea",Bryant,Laura Lea,Webb,Sarah,(189) 723-6905
Simpson,Macklin,P4,"Hines, Kathryn Michele",Hines,Kathryn Michele,Simpson,Brianna,(239) 089-1983
Stevens,Lucy,02,"Crawford-Mass, Beth Anne",Crawford-Mass,Beth Anne,Stevens,Melissa,(804) 843-5917
Tucker,Luke,02,"Nordstrom, Amy West",Nordstrom,Amy West,Tucker,Nicole,(600) 443-2446
Porter,Christopher,P4,"Hines, Kathryn Michele",Hines,Kathryn Michele,Porter,Melissa,(806) 231-7877
Porter,Julianne,03,"Eisenhood, Ian P",Eisenhood,Ian P,Porter,Melissa,(806) 231-7877
Hicks,Hudson,02,"Crawford-Mass, Beth Anne",Crawford-Mass,Beth Anne,Hicks,Lisa,(481) 019-0085
Crawford,Andrew,02,"Crawford-Mass, Beth Anne",Crawford-Mass,Beth Anne,Crawford,Paul,(993) 714-5686
Crawford,Joseph,02,"Crawford-Mass, Beth Anne",Crawford-Mass,Beth Anne,Crawford,Paul,(993) 714-5686
Boyd,Joshua,02,"Keach, Rebecca Jeanne Grue",Keach,Rebecca Jeanne Grue,Boyd,Anthony,(790) 427-0120
Mason,Isaac,03,"Collins, Kristin E",Collins,Kristin E,Mason,Kristen,(797) 617-6401
Mason,Jeremiah,01,"Bryant, Laura Lea",Bryant,Laura Lea,Mason,Kristen,(797) 617-6401
Kennedy,Indigo,01,"Pellegrino, Kelleen Elizabeth",Pellegrino,Kelleen Elizabeth,Kennedy,Ever,(144) 584-1428
Warren,Hailey,02,"Crawford-Mass, Beth Anne",Crawford-Mass,Beth Anne,Warren,Spencer,(864) 921-9046
Warren,Reese,K2,"Weinbach, Elaina D",Weinbach,Elaina D,Warren,Spencer,(864) 921-9046
Ramos,Hayes,03,"Wood, Lisa Victoria Cole",Wood,Lisa Victoria Cole,Ramos,Kelly,(836) 605-1035
Reyes,Henry,01,"Darling, Suzanne G",Darling,Suzanne G,Reyes,Kathryn,(696) 230-9734
Burns,Leo,P3,"Hines, Kathryn Michele",Hines,Kathryn Michele,Burns,Scott,(684) 941-6163
Burns,Maxwell,K2,"Weinbach, Elaina D",Weinbach,Elaina D,Burns,Scott,(684) 941-6163
Shaw,Sheridan,01,"Darling, Suzanne G",Darling,Suzanne G,Shaw,Tara,(624) 975-8251
Holmes,Lola,04,"Ryan, Ingrid Anna",Ryan,Ingrid Anna,Holmes,Michelle,(522) 341-0288
Rice,Jackson,04,"Covert, William W",Covert,William W,Rice,Susan,(791) 091-1783
Robertson,Aubrey,K2,"Dreiling, Sandra L",Dreiling,Sandra L,Robertson,Brystal,(792) 210-2442
Hunt,Stella,02,"Keach, Rebecca Jeanne Grue",Keach,Rebecca Jeanne Grue,Hunt,Amanda,(264) 904-4002
Black,Julia,02,"Nordstrom, Amy West",Nordstrom,Amy West,Black,Jane,(594) 825-1136
Daniels,Maddex,02,"Nordstrom, Amy West",Nordstrom,Amy West,Daniels,Jill,(359) 024-4241
Palmer,Elliot,K2,"Bendezu, Zoe Margaret",Bendezu,Zoe Margaret,Palmer,Deja,(165) 969-6950
Palmer,Silas,03,"Eisenhood, Ian P",Eisenhood,Ian P,Palmer,Deja,(165) 969-6950
Nichols,Baya,K2,"Bendezu, Zoe Margaret",Bendezu,Zoe Margaret,Nichols,Matthew,(838) 013-2943
Nichols,Nathan,03,"Wood, Lisa Victoria Cole",Wood,Lisa Victoria Cole,Nichols,Matthew,(838) 013-2943
Knight,Breesa,01,"Darling, Suzanne G",Darling,Suzanne G,Knight,Heather,(223) 623-0135
Knight,Livia,04,"Covert, William W",Covert,William W,Knight,Heather,(223) 623-0135
Rose,Emma,04,"Smith, Michelle A",Smith,Michelle A,Rose,Julie,(816) 717-8982
Rose,Zachary,04,"Ryan, Ingrid Anna",Ryan,Ingrid Anna,Rose,Julie,(816) 717-8982
Hawkins,James,01,"Bryant, Laura Lea",Bryant,Laura Lea,Hawkins,Anna,(428) 743-4143
Dunn,Sterling,K2,"Dreiling, Sandra L",Dreiling,Sandra L,Dunn,Sini,(671) 501-7227
Perkins,Agnes,04,"Ryan, Ingrid Anna",Ryan,Ingrid Anna,Perkins,Stina,(472) 345-7920
Perkins,Victor,04,"Ryan, Ingrid Anna",Ryan,Ingrid Anna,Perkins,Stina,(472) 345-7920
Spncer,Austin,02,"Keach, Rebecca Jeanne Grue",Keach,Rebecca Jeanne Grue,Spncer,Victor,(256) 686-6713
Gardner,Dane,04,"Ryan, Ingrid Anna",Ryan,Ingrid Anna,Gardner,Kimberly,(519) 957-8882
Gardner,Roman,03,"Collins, Kristin E",Collins,Kristin E,Gardner,Kimberly,(519) 957-8882
Payne,Emmersyn,01,"Darling, Suzanne G",Darling,Suzanne G,Payne,Angie,(171) 565-4804
Payne,Parker,04,"Smith, Michelle A",Smith,Michelle A,Payne,Angie,(171) 565-4804
Berry,Islarose,01,"Pellegrino, Kelleen Elizabeth",Pellegrino,Kelleen Elizabeth,Berry,Jonathan,(923) 446-4707
Matthews,Oliver,K2,"Dreiling, Sandra L",Dreiling,Sandra L,Matthews,Katherine,(758) 138-2025
Arnold,Adelaide,K2,"Bendezu, Zoe Margaret",Bendezu,Zoe Margaret,Arnold,Jessica,(986) 260-6580
Wagner,Dylan,03,"Eisenhood, Ian P",Eisenhood,Ian P,Wagner,Claire,(346) 834-5926
Wagner,Keira,01,"Darling, Suzanne G",Darling,Suzanne G,Wagner,Claire,(346) 834-5926
Ray,Carson,03,"Eisenhood, Ian P",Eisenhood,Ian P,Ray,Amii,(437) 842-0542
Watkins,Charles,02,"Keach, Rebecca Jeanne Grue",Keach,Rebecca Jeanne Grue,Watkins,Magdalena,(699) 170-6167
Watkins,Sawyer,K2,"Weinbach, Elaina D",Weinbach,Elaina D,Watkins,Magdalena,(699) 170-6167
Carroll,Lily,01,"Darling, Suzanne G",Darling,Suzanne G,Carroll,Theresa,(811) 899-9415
Duncan,Lily,04,"Ryan, Ingrid Anna",Ryan,Ingrid Anna,Duncan,Lindsey,(797) 330-5330
Duncan,Zoey,K2,"Cottle, Carole D",Cottle,Carole D,Duncan,Lindsey,(797) 330-5330
Hart,Tobias,02,"Nordstrom, Amy West",Nordstrom,Amy West,Hart,Chelsea,(414) 451-7379
Cunningham,Graham,03,"Wood, Lisa Victoria Cole",Wood,Lisa Victoria Cole,Cunningham,Jaime,(411) 054-5104
Bradley,Jonas,03,"Collins, Kristin E",Collins,Kristin E,Bradley,Sierra,(514) 332-8188
Lane,Dominic,02,"Nordstrom, Amy West",Nordstrom,Amy West,Lane,Lacey,(676) 915-4968
Lane,Ingrid,K2,"Weinbach, Elaina D",Weinbach,Elaina D,Lane,Lacey,(676) 915-4968
Ruiz,Cooper,02,"Keach, Rebecca Jeanne Grue",Keach,Rebecca Jeanne Grue,Ruiz,Margaret,(327) 259-5993
Harper,Kelvin,01,"Pellegrino, Kelleen Elizabeth",Pellegrino,Kelleen Elizabeth,Harper,Emelyn,(589) 556-4968
Harper,Krislyn,04,"Covert, William W",Covert,William W,Harper,Emelyn,(589) 556-4968
Riley,Evan,03,"Wood, Lisa Victoria Cole",Wood,Lisa Victoria Cole,Riley,Christine,(732) 582-9188
Riley,Marc,03,"Wood, Lisa Victoria Cole",Wood,Lisa Victoria Cole,Riley,Christine,(732) 582-9188
Carpenter,Charlotte,04,"Covert, William W",Covert,William W,Carpenter,Rebecca,(681) 101-5917
Weaver,Frances,03,"Collins, Kristin E",Collins,Kristin E,Weaver,Melissa,(166) 219-5412
Weaver,Iris,01,"Darling, Suzanne G",Darling,Suzanne G,Weaver,Melissa,(166) 219-5412
Lawrence,Ellie,02,"Crawford-Mass, Beth Anne",Crawford-Mass,Beth Anne,Lawrence,Holly,(953) 889-1028
Elliot,Park,01,"Darling, Suzanne G",Darling,Suzanne G,Elliot,Whitley,(418) 868-2429
Chavez,Benjamin,K2,"Dreiling, Sandra L",Dreiling,Sandra L,Chavez,Michael,(105) 312-6772
Sims,Pierce,04,"Covert, William W",Covert,William W,Sims,Ilona,(664) 304-1103
Sims,Quinn,03,"Eisenhood, Ian P",Eisenhood,Ian P,Sims,Ilona,(664) 304-1103
Peters ,Raiden,04,"Covert, William W",Covert,William W,Peters ,Jennifer,(826) 083-7182
Peters ,Ryker,K2,"Weinbach, Elaina D",Weinbach,Elaina D,Peters ,Jennifer,(826) 083-7182
Franklin,William,04,"Smith, Michelle A",Smith,Michelle A,Franklin,Brenda,(652) 117-0453
Lawson,Mustafa,02,"Nordstrom, Amy West",Nordstrom,Amy West,Lawson,Merium,(702) 727-5276
Fields,Maisie,03,"Collins, Kristin E",Collins,Kristin E,Fields,Rachel,(639) 964-9042
Gutierrez,Buchanan,K2,"Weinbach, Elaina D",Weinbach,Elaina D,Gutierrez,William,(701) 690-4959
Ryan,Gideon,K2,"Cottle, Carole D",Cottle,Carole D,Ryan,Rachel,(736) 293-5868
Schmidt,Simone,03,"Wood, Lisa Victoria Cole",Wood,Lisa Victoria Cole,Schmidt,Jennifer,(681) 178-8174
Schmidt,Willow,03,"Wood, Lisa Victoria Cole",Wood,Lisa Victoria Cole,Schmidt,Jennifer,(681) 178-8174
Vasquez,Camille,03,"Collins, Kristin E",Collins,Kristin E,Vasquez,Molly,(637) 473-5644
Castillo,Elias,02,"Crawford-Mass, Beth Anne",Crawford-Mass,Beth Anne,Castillo,Daniel,(350) 963-1571
Wheeler,Eliana,01,"Bryant, Laura Lea",Bryant,Laura Lea,Wheeler,Christina,(395) 911-7344
Chapman,Levi,02,"Keach, Rebecca Jeanne Grue",Keach,Rebecca Jeanne Grue,Chapman,Lindsay,(672) 464-8370
Chapman,Wyatt,K2,"Cottle, Carole D",Cottle,Carole D,Chapman,Lindsay,(672) 464-8370
Montgomery,Noah,K2,"Dreiling, Sandra L",Dreiling,Sandra L,Montgomery,Holly,(507) 911-3522
Richards,Geneva,P4,"Hines, Kathryn Michele",Hines,Kathryn Michele,Richards,Mairead,(547) 340-4018
Williamson,Loch,03,"Eisenhood, Ian P",Eisenhood,Ian P,Williamson,Lori,(898) 717-9065
Johnston,Oakes,K2,"Dreiling, Sandra L",Dreiling,Sandra L,Johnston,Sarah,(822) 854-1854
Banks,Madeleine,K2,"Bendezu, Zoe Margaret",Bendezu,Zoe Margaret,Banks,Lisa,(674) 192-6734
Bunch,Mira,02,"Nordstrom, Amy West",Nordstrom,Amy West,Bunch,Lara,(814) 959-9182
Bishop,Liam,02,"Crawford-Mass, Beth Anne",Crawford-Mass,Beth Anne,Bishop,Pontea,(216) 807-8234
Bishop,Mila,K2,"Bendezu, Zoe Margaret",Bendezu,Zoe Margaret,Bishop,Pontea,(216) 807-8234
Howell,Atlas,02,"Keach, Rebecca Jeanne Grue",Keach,Rebecca Jeanne Grue,Howell,Melissa,(719) 200-4394
Howell,Isis,04,"Smith, Michelle A",Smith,Michelle A,Howell,Melissa,(719) 200-4394
Morrison,Roslyn,P2,"Hines, Kathryn Michele",Hines,Kathryn Michele,Morrison,Roxanne,(515) 691-3602
Hansen,Belle,03,"Eisenhood, Ian P",Eisenhood,Ian P,Hansen,Michel,(188) 425-0510
Fernandez,Dexter,K2,"Dreiling, Sandra L",Dreiling,Sandra L,Fernandez,Sunny,(368) 524-3674
Garza,Brighton,P4,"Hines, Kathryn Michele",Hines,Kathryn Michele,Garza,Tiffany,(903) 045-0980
Harvey,Michael,04,"Ryan, Ingrid Anna",Ryan,Ingrid Anna,Harvey,Gloria,(355) 587-3811
Little,Holland,K2,"Cottle, Carole D",Cottle,Carole D,Little,Brooke,(997) 366-0750
Burton,Ana,K2,"Bendezu, Zoe Margaret",Bendezu,Zoe Margaret,Burton,Arilda,(362) 524-6185
Stanley,Lincoln,P4,"Hines, Kathryn Michele",Hines,Kathryn Michele,Stanley,Elizabeth,(631) 086-5532
Nguyen,Joseph,P3,"Hines, Kathryn Michele",Hines,Kathryn Michele,Nguyen,Abbie,(872) 811-5549
Geoge,Luke,K2,"Dreiling, Sandra L",Dreiling,Sandra L,Geoge,Christine,(620) 840-9607
Jacobs,Cole,K2,"Dreiling, Sandra L",Dreiling,Sandra L,Jacobs,Jessica,(100) 631-3087
Reid,Finna,04,"Smith, Michelle A",Smith,Michelle A,Reid,Sydney,(596) 526-8631
Kim,Madeline,K2,"Bendezu, Zoe Margaret",Bendezu,Zoe Margaret,Kim,Lisa,(673) 104-6692
Fuller,John,04,"Smith, Michelle A",Smith,Michelle A,Fuller,Lauren,(372) 878-3731
Lynch,Beatrice,K2,"Bendezu, Zoe Margaret",Bendezu,Zoe Margaret,Lynch,Jonathan,(978) 405-5076
Lynch,Greta,P3,"Hines, Kathryn Michele",Hines,Kathryn Michele,Lynch,Jonathan,(978) 405-5076
Gilbert,Ava,03,"Eisenhood, Ian P",Eisenhood,Ian P,Gilbert,Jannet,(657) 807-8398
Gilbert,Julian,K2,"Bendezu, Zoe Margaret",Bendezu,Zoe Margaret,Gilbert,Jannet,(657) 807-8398
Romero,Dustin,K2,"Bendezu, Zoe Margaret",Bendezu,Zoe Margaret,Romero,Megan,(164) 551-7584
Welch,Lexi,03,"Eisenhood, Ian P",Eisenhood,Ian P,Welch,Emily,(111) 160-7440
Larson,Jackson,04,"Ryan, Ingrid Anna",Ryan,Ingrid Anna,Larson,Sarah,(870) 272-6332
Larson,Keaton,02,"Nordstrom, Amy West",Nordstrom,Amy West,Larson,Sarah,(870) 272-6332
Burke,Ethan,02,"Crawford-Mass, Beth Anne",Crawford-Mass,Beth Anne,Burke,Keith,(608) 466-9719
Hanson,Declan,04,"Covert, William W",Covert,William W,Hanson,Sommer,(302) 019-2437
Day,Nathan,K2,"Dreiling, Sandra L",Dreiling,Sandra L,Day,Briana,(872) 098-4575
Mendoza,Otto,02,"Crawford-Mass, Beth Anne",Crawford-Mass,Beth Anne,Mendoza,Jennifer,(929) 352-9019
Mendoza,Emory,01,"Bryant, Laura Lea",Bryant,Laura Lea,Mendoza,Jennifer,(929) 352-9019
Mendoza,Rowan,01,"Darling, Suzanne G",Darling,Suzanne G,Mendoza,Jennifer,(929) 352-9019
Medina,Mark,04,"Covert, William W",Covert,William W,Medina,Karen,(847) 118-0119
Fowler,Ryan,04,"Covert, William W",Covert,William W,Fowler,Hannah,(113) 820-7430
Brewer,Tristan,K2,"Dreiling, Sandra L",Dreiling,Sandra L,Brewer,Megan,(554) 958-4515
Hoffman,Ethan,03,"Wood, Lisa Victoria Cole",Wood,Lisa Victoria Cole,Hoffman,Tiffny,(117) 108-3226
Carlson,Esther,01,"Bryant, Laura Lea",Bryant,Laura Lea,Carlson,Harriet,(895) 156-4736
Silva,Emiline,K2,"Cottle, Carole D",Cottle,Carole D,Silva,Leanne,(280) 731-0774
Pearson,Peyton,K2,"Cottle, Carole D",Cottle,Carole D,Pearson,Rebecca,(892) 183-1104
Pearson,Sophie,04,"Covert, William W",Covert,William W,Pearson,Rebecca,(892) 183-1104
Douglas,Eleanor,K2,"Dreiling, Sandra L",Dreiling,Sandra L,Douglas,Jennifer,(292) 695-1550
Fleming,Eleanor,K2,"Dreiling, Sandra L",Dreiling,Sandra L,Fleming,Nina,(466) 337-8980
Jensen,Eloise,02,"Keach, Rebecca Jeanne Grue",Keach,Rebecca Jeanne Grue,Jensen,Lisa,(301) 850-6209
Vargas,Garza,04,"Ryan, Ingrid Anna",Ryan,Ingrid Anna,Vargas,Emily,(995) 297-4436
Vargas,Sydney,K2,"Weinbach, Elaina D",Weinbach,Elaina D,Vargas,Emily,(995) 297-4436
Davidson,Emma,02,"Keach, Rebecca Jeanne Grue",Keach,Rebecca Jeanne Grue,Davidson,Ashley,(866) 049-2268
Hopkins,Kailani,04,"Ryan, Ingrid Anna",Ryan,Ingrid Anna,Hopkins,Teresa,(909) 332-8076
Hopkins,Kekoa,02,"Crawford-Mass, Beth Anne",Crawford-Mass,Beth Anne,Hopkins,Teresa,(909) 332-8076
Terry,Lenna,01,"Darling, Suzanne G",Darling,Suzanne G,Terry,Paul,(474) 455-4098
